College,Name,Title
University of Florida,Kevin O'Sullivan,Head Coach
University of Florida,Chuck Jeroloman,Associate Head Coach
University of Florida,Taylor Black,Assistant Coach
University of Florida,David Kopp,Pitching Coach
University of Florida,Michael Byrne,Student Assistant Coach
University of Missouri,Kerrick Jackson,Head Coach
University of Missouri,Jabari Brown,Assistant Coach
University of Missouri,Tim Jamieson,Assistant Coach
University of Missouri,Bryson  LeBlanc,Assistant Coach
University of Oklahoma,Skip Johnson,Head Coach
University of Oklahoma,Reggie Willits,Associate Head Coach
University of Oklahoma,Todd Butler,Assistant Coach
University of Oklahoma,Russell Raley,Assistant Coach
University of Oklahoma,Bryce Madron,Student Coach
University of Oklahoma,Scott Mudler,Student Coach
University of Alabama,Rob Vaughn,Head Coach
University of Alabama,Jason Jackson,Associate Head Coach
University of Alabama,Mike Morrison,Assistant Coach
University of Alabama,Anthony Papio,Assistant Coach
University of Alabama,Brett Price,Associate Strength and Conditioning Coach (Baseball)
University of Washington,Eddie Smith,Head Coach
University of Washington,Connor Lambert,Pitching Coach
University of Washington,Joe Murray,Strength & Conditioning Coach
University of Oregon,Mark Wasikowski,Head Coach
University of Oregon,Blake  Hawksworth,Assistant Coach
University of Oregon,Jack Marder,Assistant Coach
University of Oregon,Marcus Hinkle,Assistant Coach
University of Oregon,Darrell Hunter,Head Strength Coach & Video Analytics Coordinator
University of Indiana,Jeff Mercer,Head Coach
University of Indiana,Dustin Glant,Associate Coach/Pitching
University of Indiana,Zach Weatherford,Assistant Coach/Hitting & Recruiting Coordinator
University of Indiana,Blake Allen,Assistant Coach/Infield
University of Indiana,Denton Sagerman,Assistant Coach/Pitching & Catching
University of Indiana,Scott  Rolen,Special Assistant to the Head Coach
University of Minnesota,Ty McDevitt,Head Coach
University of Minnesota,Alec Crawford,Pitching Coach
University of Minnesota,Connor Gandossy,Assistant Coach
University of Minnesota,Sean Moore,Assistant Coach
Texas A&M University,Michael Earley,Head Coach
Texas A&M University,Jason Kelly,Associate Head Coach
Texas A&M University,Caleb Longley,Assistant Coach
Texas A&M University,Will Fox,Assistant Coach
Texas A&M University,Jeremy McMillan,Head Strength & Conditioning Coach
Texas A&M University,Roman Gomez,Assistant Strength & Conditioning Coach
University of Southern Mississippi,Christian Ostrander,Head Coach
University of Southern Mississippi,Travis Creel,Assistant Coach
University of Southern Mississippi,Ladd Rhodes,Assistant Coach
University of Southern Mississippi,Ben Brewer,Assistant Coach
University of Southern Mississippi,Keller Bradford,Assistant Coach
University of Southern Mississippi,Todd Makovicka,Head Strength and Conditioning Coach for Olympic Sports
Troy University,Skylar Meade,Head Coach
Troy University,Ben Wolgamot,Associate Head Coach
Troy University,Ryan Fineman,Assistant Coach / Recruiting Coordinator
Troy University,Adam Godwin,Assistant Coach / Outfield & Base Running Coordinator
University of Louisiana at Lafayette,Matt Deggs,Head Coach
University of Louisiana at Lafayette,Seth Thibodeaux,Associate Head Coach
University of Louisiana at Lafayette,Zach LaFleur,Assistant Coach/Recruiting Coordinator
University of Louisiana at Lafayette,Gunner Leger,Assistant Coach/Pitching Coach
Rice University,David Pierce,Bixby Family Head Baseball Coach
Rice University,Parker Bangs,Pitching Coach
Rice University,DC  Arendas,Assistant Coach
Rice University,Justin  Aspegren,Assistant Coach
Rice University,Lance  Berkman,Volunteer Coach
Rice University,Ryan  McNerlin,Assistant Strength and Conditioning Coach--Baseball
University of Memphis,Matt Riser,Head Coach
University of Memphis,Ford Pemberton,"Assistant Coach (Hitting, Infield), Recruiting Coordinator"
University of Memphis,Cory Barton,Pitching Coach
University of Memphis,Connor Manola,Assistant Coach
University of North Carolina at Charlotte,Robert Woodard,Head CoachPitching Coach
University of North Carolina at Charlotte,Toby Bicknell,Associate Head CoachRecruiting Coordinator
University of North Carolina at Charlotte,Phillip Cebuhar,Assistant CoachHitting Coach
Oregon State University,Mitch Canham,Pat Casey Head Baseball Coach
Oregon State University,Rich Dorman,Assistant Coach
Oregon State University,Ryan Gipson,Assistant Coach
Oregon State University,Joey Wong,Assistant Coach
Oregon State University,Brady Kasper,Undergraduate Assistant Coach
Texas Tech University,Tim Tadlock,Head Coach
Texas Tech University,J-Bob Thomas,Assistant Coach
Texas Tech University,Eric Gutierrez,Assistant Coach
Texas Tech University,Steve Foster,Pitching Coach
Oklahoma State University,Josh Holliday,Head Coach
Oklahoma State University,Rob Walton,Assistant Coach/Pitching
Oklahoma State University,Mark Ginther,Assistant Coach/Recruiting Coordinator
Oklahoma State University,Victor Romero,Assistant Coach
Fresno State University,Ryan Overland,Head Coach
Fresno State University,Troy Buckley,Assistant Coach
Fresno State University,Ritchie Price,Assistant Coach
Fresno State University,Jack Karraker,Assistant Coach
Fresno State University,Ryan Reyes,Sports Performance Coaching Assistant
Air Force Academy,Mike Kazlausky,Head Coach
Air Force Academy,Drew LaComb,Assistant Coach
Air Force Academy,Kyle Winkler,Assistant Coach
Air Force Academy,Tyler Dawson,Assistant Coach
